quartal,INV,ZINS
2003-Q1,123.507,3.9392
2003-Q2,141.017,3.5708
2003-Q3,144.791,3.3063
2003-Q4,146.338,3.2427
2004-Q1,122.126,3.2299
2004-Q2,141.256,3.2567
2004-Q3,143.024,3.2799
2004-Q4,146.78,3.2525
2005-Q1,117.357,3.3259
2005-Q2,143.281,3.1266
2005-Q3,144.607,3.1799
2005-Q4,152.892,3.3009
2006-Q1,127.097,3.5163
2006-Q2,152.966,3.7803
2006-Q3,155.028,4.142
2006-Q4,165.081,4.4389
2007-Q1,140.28,4.742
2007-Q2,156.225,4.9592
2007-Q3,158.342,5.2485
2007-Q4,166.996,5.2747
2008-Q1,141.385,5.2188
2008-Q2,163.737,5.3494
2008-Q3,162.559,5.5117
2008-Q4,164.013,4.9417
2009-Q1,126.048,3.3192
2009-Q2,144.902,2.8697
2009-Q3,148.713,2.5882
2009-Q4,150.941,2.6979
2010-Q1,126.619,2.3993
2010-Q2,155.36,2.3762
2010-Q3,158.858,2.4414
2010-Q4,162.319,2.5795
2011-Q1,144.128,2.5951
2011-Q2,164.271,2.9122
2011-Q3,167.99,2.9733
2011-Q4,171.728,2.9513
2012-Q1,148.271,2.5284
2012-Q2,164.492,2.3298
2012-Q3,165.615,2.1492
2012-Q4,168.303,1.9364
2013-Q1,137.96,1.8058
2013-Q2,164.253,1.7494
2013-Q3,166.057,1.7361
2013-Q4,170.973,1.7857
2014-Q1,150.941,1.8584
2014-Q2,167.254,1.7893
2014-Q3,170.034,1.6294
2014-Q4,174.011,1.5898
2015-Q1,150.48,1.4036
2015-Q2,168.671,1.4065
2015-Q3,172.446,1.3986
2015-Q4,182.241,1.3624
2016-Q1,157.33,1.2685
2016-Q2,179.332,1.1886
2016-Q3,178.43,1.1792
2016-Q4,184.34,1.1956
2017-Q1,163.682,1.0626
2017-Q2,181.744,1.0844
2017-Q3,183.327,1.08
2017-Q4,189.182,1.0959
2018-Q1,168.34,0.9697
2018-Q2,189.053,0.95
2018-Q3,189.679,0.8913
2018-Q4,196.768,0.9864
2019-Q1,175.576,0.9925
2019-Q2,192.294,0.9332
2019-Q3,194.448,0.9286
2019-Q4,196.602,1.1027
2020-Q1,173.459,1.0228
2020-Q2,177.675,1.2096
2020-Q3,187.212,1.3196
2020-Q4,198.13,1.2162
2021-Q1,171.378,1.0983
2021-Q2,191.208,1.2775
2021-Q3,186.126,1.2765
2021-Q4,193.546,1.0531
2022-Q1,174.25,1.2114
2022-Q2,187.323,1.4904
2022-Q3,188.667,1.9831
2022-Q4,191.171,2.9737
2023-Q1,172.004,3.7716
2023-Q2,184.193,4.5957
2023-Q3,184.266,5.0194
2023-Q4,185.758,5.2156
2024-Q1,165.155,5.2132
2024-Q2,178.374,5.1462
2024-Q3,178.411,4.9226
2024-Q4,180.032,4.4567
2025-Q1,163.001,3.9476
2025-Q2,176.11,3.3185
2025-Q3,179.258,3.0559
2025-Q4,182.388,3.139
