year,gdp_growth_real_pct,u_pct,Delta_u_pct,gdp_growth_nom_pct
1970,0.2,4.9,1,8.4
1971,3.3,5.9,1,7.9
1972,5.3,5.6,-0.3,9.8
1973,5.6,4.9,-0.7,11.4
1974,-0.5,5.6,0.7,8.3
1975,-0.2,8.5,2.9,8.1
1976,5.4,7.7,-0.8,11.4
1977,4.6,7.1,-0.6,11.3
1978,5.6,6.1,-1,12.9
1979,3.2,5.8,-0.3,11.5
1980,-0.3,7.1,1.3,9
1981,2.5,7.6,0.5,11.6
1982,-1.8,9.7,2.1,4.2
1983,4.6,9.6,-0.1,8.6
1984,7.2,7.5,-2.1,11.2
1985,4.2,7.2,-0.3,7.2
1986,3.5,7,-0.2,5.8
1987,3.5,6.2,-0.8,6.6
1988,4.2,5.5,-0.7,7.8
1989,3.7,5.3,-0.2,7.5
1990,1.9,5.6,0.3,5.7
1991,-0.1,6.8,1.2,3.2
1992,3.5,7.5,0.7,6.1
1993,2.8,6.9,-0.6,5.2
1994,4,6.1,-0.8,6.2
1995,2.7,5.6,-0.5,4.9
1996,3.8,5.4,-0.2,5.7
1997,4.5,4.9,-0.5,6.4
1998,4.5,4.5,-0.4,5.5
1999,4.8,4.2,-0.3,5.8
2000,4.1,4,-0.2,6.4
2001,1,4.7,0.7,3.2
2002,1.7,5.8,1.1,3.4
2003,2.9,6,0.2,4.6
2004,3.8,5.5,-0.5,6.6
2005,3.5,5.1,-0.4,6.5
2006,2.9,4.6,-0.5,6
2007,1.9,4.6,0,4.9
2008,-0.1,5.8,1.2,2
2009,-2.6,9.3,3.5,-2
2010,2.7,9.6,0.3,4
2011,1.5,8.9,-0.7,3.7
2012,2.3,8.1,-0.8,4.3
2013,1.8,7.4,-0.7,3.5
2014,2.5,6.2,-1.2,4.4
2015,3.1,5.3,-0.9,4.1
2016,1.7,4.9,-0.4,3
2017,2.3,4.4,-0.5,4.2
2018,2.9,3.9,-0.5,5.4
2019,2.3,3.7,-0.2,4.1
2020,-2.8,8.1,4.4,-2.2
2021,5.9,5.4,-2.7,10.7
2022,2.1,3.6,-1.8,9.2
2023,2.5,3.6,0,6.2
2024,2.8,4,0.4,5.5
